date,value
2002/1/1 0:00,1.22262
2002/1/8 0:00,1.33344
2002/1/15 0:00,1.31929
2002/1/22 0:00,1.49484
2002/1/29 0:00,1.47195
2002/2/5 0:00,1.58094
2002/2/12 0:00,1.4942600000000001
2002/2/19 0:00,1.4056899999999999
2002/2/26 0:00,1.6141
2002/3/5 0:00,1.45967
2002/3/12 0:00,1.59896
2002/3/19 0:00,2.16697
2002/3/26 0:00,2.57842
2002/4/2 0:00,2.38636
2002/4/9 0:00,1.7362099999999998
2002/4/16 0:00,2.06296
2002/4/23 0:00,2.58113
2002/4/30 0:00,2.93909
2002/5/7 0:00,3.22539
2002/5/14 0:00,3.06982
2002/5/21 0:00,3.20044
2002/5/28 0:00,2.44888
2002/6/4 0:00,2.1344
2002/6/11 0:00,1.9986599999999999
2002/6/18 0:00,1.93849
2002/6/25 0:00,1.41293
2002/7/2 0:00,1.23472
2002/7/9 0:00,1.20005
2002/7/16 0:00,0.910135
2002/7/23 0:00,0.932265
2002/7/30 0:00,0.692175
2002/8/6 0:00,0.6694060000000001
2002/8/13 0:00,0.727705
2002/8/20 0:00,0.717701
2002/8/27 0:00,0.7893939999999999
2002/9/3 0:00,0.722129
2002/9/10 0:00,0.591326
2002/9/17 0:00,0.52307
2002/9/24 0:00,0.45023599999999997
2002/10/1 0:00,0.397421
2002/10/8 0:00,0.44800200000000007
2002/10/15 0:00,0.474767
2002/10/22 0:00,0.453251
2002/10/29 0:00,0.35215799999999997
2002/11/5 0:00,0.5253220000000001
2002/11/12 0:00,0.492991
2002/11/19 0:00,0.542728
2002/11/26 0:00,0.49034700000000003
2002/12/3 0:00,0.7359140000000001
2002/12/10 0:00,0.581771
2002/12/17 0:00,0.654162
2002/12/24 0:00,0.749504
2002/12/31 0:00,0.884021
2003/1/7 0:00,1.02773
2003/1/14 0:00,1.28296
2003/1/21 0:00,1.32661
2003/1/28 0:00,1.7730400000000002
2003/2/4 0:00,2.43814
2003/2/11 0:00,2.72605
2003/2/18 0:00,3.7319199999999997
2003/2/25 0:00,4.54894
2003/3/4 0:00,5.3990599999999995
2003/3/11 0:00,7.38735
2003/3/18 0:00,7.48097
2003/3/25 0:00,7.6279699999999995
2003/4/1 0:00,5.14051
2003/4/8 0:00,2.89129
2003/4/15 0:00,2.10429
2003/4/22 0:00,1.8869599999999997
2003/4/29 0:00,1.7766
2003/5/6 0:00,1.46001
2003/5/13 0:00,1.3778700000000002
2003/5/20 0:00,1.30532
2003/5/27 0:00,1.08691
2003/6/3 0:00,0.9918879999999999
2003/6/10 0:00,1.02765
2003/6/17 0:00,1.0579
2003/6/24 0:00,0.849361
2003/7/1 0:00,0.7471270000000001
2003/7/8 0:00,0.661708
2003/7/15 0:00,0.6795140000000001
2003/7/22 0:00,0.633071
2003/7/29 0:00,0.569894
2003/8/5 0:00,0.591357
2003/8/12 0:00,0.589044
2003/8/19 0:00,0.6786399999999999
2003/8/26 0:00,0.637558
2003/9/2 0:00,0.8133090000000001
2003/9/9 0:00,0.834551
2003/9/16 0:00,0.616174
2003/9/23 0:00,0.513286
2003/9/30 0:00,0.351881
2003/10/7 0:00,0.542621
2003/10/14 0:00,0.581036
2003/10/21 0:00,0.495486
2003/10/28 0:00,0.6120899999999999
2003/11/4 0:00,0.5314909999999999
2003/11/11 0:00,0.519987
2003/11/18 0:00,0.574476
2003/11/25 0:00,0.663175
2003/12/2 0:00,0.614691
2003/12/9 0:00,0.6568229999999999
2003/12/16 0:00,0.723016
2003/12/23 0:00,0.6918569999999999
2003/12/30 0:00,0.782758
2004/1/6 0:00,0.982275
2004/1/13 0:00,1.01821
2004/1/20 0:00,1.1768
2004/1/27 0:00,1.30121
2004/2/3 0:00,1.27746
2004/2/10 0:00,1.4038700000000002
2004/2/17 0:00,1.40301
2004/2/24 0:00,1.73975
2004/3/2 0:00,1.56894
2004/3/9 0:00,1.65927
2004/3/16 0:00,1.8134099999999997
2004/3/23 0:00,2.37626
2004/3/30 0:00,2.77052
2004/4/6 0:00,2.40064
2004/4/13 0:00,2.54155
2004/4/20 0:00,2.85871
2004/4/27 0:00,3.5501099999999997
2004/5/4 0:00,4.58591
2004/5/11 0:00,5.05809
2004/5/18 0:00,5.44151
2004/5/25 0:00,4.4729
2004/6/1 0:00,3.6752
2004/6/8 0:00,3.3353
2004/6/15 0:00,2.7622400000000003
2004/6/22 0:00,2.46844
2004/6/29 0:00,2.00081
2004/7/6 0:00,1.54319
2004/7/13 0:00,1.50195
2004/7/20 0:00,1.22918
2004/7/27 0:00,1.21854
2004/8/3 0:00,1.15832
2004/8/10 0:00,1.249
2004/8/17 0:00,1.16888
2004/8/24 0:00,1.0788799999999998
2004/8/31 0:00,1.23059
2004/9/7 0:00,1.14747
2004/9/14 0:00,1.00254
2004/9/21 0:00,0.957569
2004/9/28 0:00,0.8948370000000001
2004/10/5 0:00,0.798205
2004/10/12 0:00,0.757812
2004/10/19 0:00,0.8259629999999999
2004/10/26 0:00,0.744927
2004/11/2 0:00,0.787049
2004/11/9 0:00,0.684724
2004/11/16 0:00,0.7473609999999999
2004/11/23 0:00,0.673974
2004/11/30 0:00,0.869662
2004/12/7 0:00,0.8995290000000001
2004/12/14 0:00,0.854635
2004/12/21 0:00,1.0112299999999999
2004/12/28 0:00,0.977808
2005/1/4 0:00,1.1777799999999998
2005/1/11 0:00,1.21947
2005/1/18 0:00,1.3069
2005/1/25 0:00,1.33931
2005/2/1 0:00,1.58374
2005/2/8 0:00,1.47072
2005/2/15 0:00,1.6112
2005/2/22 0:00,1.8269900000000001
2005/3/1 0:00,1.77482
2005/3/8 0:00,1.94451
2005/3/15 0:00,2.35512
2005/3/22 0:00,3.10878
2005/3/29 0:00,3.2823800000000003
2005/4/5 0:00,2.62914
2005/4/12 0:00,2.2515
2005/4/19 0:00,2.35858
2005/4/26 0:00,2.4188099999999997
2005/5/3 0:00,2.52752
2005/5/10 0:00,2.64954
2005/5/17 0:00,3.12935
2005/5/24 0:00,3.12442
2005/5/31 0:00,3.13099
2005/6/7 0:00,3.08261
2005/6/14 0:00,2.64431
2005/6/21 0:00,2.42295
2005/6/28 0:00,2.31141
2005/7/5 0:00,1.8638299999999999
2005/7/12 0:00,1.44943
2005/7/19 0:00,1.30227
2005/7/26 0:00,1.13459
2005/8/2 0:00,1.06255
2005/8/9 0:00,1.0342799999999999
2005/8/16 0:00,1.01791
2005/8/23 0:00,0.918151
2005/8/30 0:00,0.93099
2005/9/6 0:00,0.857294
2005/9/13 0:00,0.7862939999999999
2005/9/20 0:00,0.719426
2005/9/27 0:00,0.7188680000000001
2005/10/4 0:00,0.774807
2005/10/11 0:00,0.76598
2005/10/18 0:00,0.642809
2005/10/25 0:00,0.622033
2005/11/1 0:00,0.616326
2005/11/8 0:00,0.6856939999999999
2005/11/15 0:00,0.6226970000000001
2005/11/22 0:00,0.611817
2005/11/29 0:00,0.638831
2005/12/6 0:00,0.8066270000000001
2005/12/13 0:00,0.7624479999999999
2005/12/20 0:00,0.8134060000000001
2005/12/27 0:00,0.807934
2006/1/3 0:00,1.15384
2006/1/10 0:00,1.14819
2006/1/17 0:00,1.22736
2006/1/24 0:00,1.2174399999999999
2006/1/31 0:00,1.32813
2006/2/7 0:00,1.4775399999999999
2006/2/14 0:00,1.5339
2006/2/21 0:00,1.9126900000000002
2006/2/28 0:00,1.838
2006/3/7 0:00,1.95376
2006/3/14 0:00,2.40407
2006/3/21 0:00,2.87453
2006/3/28 0:00,3.02597
2006/4/4 0:00,2.37817
2006/4/11 0:00,2.09232
2006/4/18 0:00,2.2939599999999998
2006/4/25 0:00,2.7450099999999997
2006/5/2 0:00,3.04434
2006/5/9 0:00,3.49999
2006/5/16 0:00,3.5785099999999996
2006/5/23 0:00,3.28979
2006/5/30 0:00,2.89149
2006/6/6 0:00,2.62075
2006/6/13 0:00,2.5338700000000003
2006/6/20 0:00,2.07251
2006/6/27 0:00,1.87084
2006/7/4 0:00,1.40042
2006/7/11 0:00,1.4688700000000001
2006/7/18 0:00,1.15514
2006/7/25 0:00,1.07901
2006/8/1 0:00,0.98492
2006/8/8 0:00,1.03325
2006/8/15 0:00,0.926649
2006/8/22 0:00,0.9201
2006/8/29 0:00,0.954094
2006/9/5 0:00,0.763278
2006/9/12 0:00,0.81722
2006/9/19 0:00,0.764586
2006/9/26 0:00,0.793127
2006/10/3 0:00,0.66909
2006/10/10 0:00,0.62115
2006/10/17 0:00,0.6036590000000001
2006/10/24 0:00,0.649058
2006/10/31 0:00,0.568338
2006/11/7 0:00,0.651546
2006/11/14 0:00,0.652176
2006/11/21 0:00,0.8038489999999999
2006/11/28 0:00,0.787458
2006/12/5 0:00,0.943263
2006/12/12 0:00,0.946932
2006/12/19 0:00,0.987146
2006/12/26 0:00,1.05206
2007/1/2 0:00,0.9951840000000001
2007/1/9 0:00,1.22003
2007/1/16 0:00,1.28548
2007/1/23 0:00,1.3775
2007/1/30 0:00,1.46725
2007/2/6 0:00,1.55841
2007/2/13 0:00,1.61958
2007/2/20 0:00,1.8112
2007/2/27 0:00,1.61865
2007/3/6 0:00,1.62124
2007/3/13 0:00,1.6735099999999998
2007/3/20 0:00,1.9509599999999998
2007/3/27 0:00,2.5001900000000004
2007/4/3 0:00,2.43939
2007/4/10 0:00,2.29319
2007/4/17 0:00,2.62907
2007/4/24 0:00,3.9296599999999997
2007/5/1 0:00,4.99202
2007/5/8 0:00,5.7776
2007/5/15 0:00,5.98318
2007/5/22 0:00,5.61677
2007/5/29 0:00,4.5323400000000005
2007/6/5 0:00,3.83249
2007/6/12 0:00,3.21522
2007/6/19 0:00,2.69245
2007/6/26 0:00,2.03366
2007/7/3 0:00,1.65275
2007/7/10 0:00,1.3113
2007/7/17 0:00,1.1652
2007/7/24 0:00,1.02035
2007/7/31 0:00,0.877607
2007/8/7 0:00,0.8251069999999999
2007/8/14 0:00,0.787315
2007/8/21 0:00,0.805439
2007/8/28 0:00,0.8860610000000001
2007/9/4 0:00,0.743743
2007/9/11 0:00,0.706842
2007/9/18 0:00,0.655943
2007/9/25 0:00,0.633492
2007/10/2 0:00,0.571837
2007/10/9 0:00,0.5582779999999999
2007/10/16 0:00,0.597893
2007/10/23 0:00,0.577222
2007/10/30 0:00,0.5969869999999999
2007/11/6 0:00,0.564653
2007/11/13 0:00,0.5856819999999999
2007/11/20 0:00,0.503985
2007/11/27 0:00,0.468139
2007/12/4 0:00,0.576455
2007/12/11 0:00,0.681361
2007/12/18 0:00,0.794764
2007/12/25 0:00,0.868116
2008/1/1 0:00,1.06828
2008/1/8 0:00,1.00756
2008/1/15 0:00,0.979399
2008/1/22 0:00,1.0494299999999999
2008/1/29 0:00,1.13218
2008/2/5 0:00,1.1315600000000001
2008/2/12 0:00,1.15469
2008/2/19 0:00,1.20448
2008/2/26 0:00,1.36081
2008/3/4 0:00,1.30322
2008/3/11 0:00,1.3020399999999999
2008/3/18 0:00,1.45109
2008/3/25 0:00,1.7992700000000001
2008/4/1 0:00,2.12134
2008/4/8 0:00,1.47138
2008/4/15 0:00,1.61555
2008/4/22 0:00,1.95333
2008/4/29 0:00,2.4290700000000003
2008/5/6 0:00,2.96686
2008/5/13 0:00,3.57354
2008/5/20 0:00,3.3665300000000005
2008/5/27 0:00,3.2962
2008/6/3 0:00,3.17227
2008/6/10 0:00,2.5804
2008/6/17 0:00,2.42922
2008/6/24 0:00,1.9902799999999998
2008/7/1 0:00,1.72423
2008/7/8 0:00,1.60355
2008/7/15 0:00,1.2841799999999999
2008/7/22 0:00,1.2932
2008/7/29 0:00,2.74012
2008/8/5 0:00,2.22391
2008/8/12 0:00,1.76657
2008/8/19 0:00,1.9217099999999998
2008/8/26 0:00,1.8611
2008/9/2 0:00,1.68423
2008/9/9 0:00,1.7393
2008/9/16 0:00,1.83001
2008/9/23 0:00,1.58128
2008/9/30 0:00,1.4917200000000002
2008/10/7 0:00,1.389
2008/10/14 0:00,1.34702
2008/10/21 0:00,1.16056
2008/10/28 0:00,1.2085
2008/11/4 0:00,1.15544
2008/11/11 0:00,1.1451799999999999
2008/11/18 0:00,1.4664
2008/11/25 0:00,2.38017
2008/12/2 0:00,3.4468099999999997
2008/12/9 0:00,4.05315
2008/12/16 0:00,4.26621
2008/12/23 0:00,4.21579
2008/12/30 0:00,4.8861
2009/1/6 0:00,6.06923
2009/1/13 0:00,7.09467
2009/1/20 0:00,7.7151
2009/1/27 0:00,7.55134
2009/2/3 0:00,6.6711800000000006
2009/2/10 0:00,5.20633
2009/2/17 0:00,4.04477
2009/2/24 0:00,3.4972199999999996
2009/3/3 0:00,2.69023
2009/3/10 0:00,2.47119
2009/3/17 0:00,2.44773
2009/3/24 0:00,2.64594
2009/3/31 0:00,2.61567
2009/4/7 0:00,1.9071200000000001
2009/4/14 0:00,1.8673799999999998
2009/4/21 0:00,1.8807200000000002
2009/4/28 0:00,1.96908
2009/5/5 0:00,2.11387
2009/5/12 0:00,2.09695
2009/5/19 0:00,1.90294
2009/5/26 0:00,1.9695099999999999
2009/6/2 0:00,1.9233099999999999
2009/6/9 0:00,1.8965900000000002
2009/6/16 0:00,1.7518099999999999
2009/6/23 0:00,1.5263200000000001
2009/6/30 0:00,1.4957200000000002
2009/7/7 0:00,1.2231299999999998
2009/7/14 0:00,1.17754
2009/7/21 0:00,1.09112
2009/7/28 0:00,1.11958
2009/8/4 0:00,1.08169
2009/8/11 0:00,1.12497
2009/8/18 0:00,1.06197
2009/8/25 0:00,1.08909
2009/9/1 0:00,1.1776
2009/9/8 0:00,0.97493
2009/9/15 0:00,0.987132
2009/9/22 0:00,0.995991
2009/9/29 0:00,0.904726
2009/10/6 0:00,0.9419270000000001
2009/10/13 0:00,0.880415
2009/10/20 0:00,0.842615
2009/10/27 0:00,0.858382
2009/11/3 0:00,0.83383
2009/11/10 0:00,0.8474370000000001
2009/11/17 0:00,0.888273
2009/11/24 0:00,0.765372
2009/12/1 0:00,0.91858
2009/12/8 0:00,1.01432
2009/12/15 0:00,1.01233
2009/12/22 0:00,1.1180299999999999
2009/12/29 0:00,1.11806
2010/1/5 0:00,1.1093899999999999
2010/1/12 0:00,1.2434100000000001
2010/1/19 0:00,1.25726
2010/1/26 0:00,1.25734
2010/2/2 0:00,1.43414
2010/2/9 0:00,1.5183799999999998
2010/2/16 0:00,1.61617
2010/2/23 0:00,1.84378
2010/3/2 0:00,1.72535
2010/3/9 0:00,1.87923
2010/3/16 0:00,2.3371
2010/3/23 0:00,3.03533
2010/3/30 0:00,3.136
2010/4/6 0:00,2.53336
2010/4/13 0:00,2.91288
2010/4/20 0:00,3.4449699999999996
2010/4/27 0:00,4.16185
2010/5/4 0:00,4.55159
2010/5/11 0:00,4.46504
2010/5/18 0:00,4.55124
2010/5/25 0:00,4.0822
2010/6/1 0:00,3.38812
2010/6/8 0:00,2.99142
2010/6/15 0:00,2.61542
2010/6/22 0:00,2.09065
2010/6/29 0:00,1.86146
2010/7/6 0:00,1.6137700000000001
2010/7/13 0:00,1.4219899999999999
2010/7/20 0:00,1.3382
2010/7/27 0:00,1.19995
2010/8/3 0:00,1.14889
2010/8/10 0:00,1.12194
2010/8/17 0:00,1.06712
2010/8/24 0:00,1.0505799999999998
2010/8/31 0:00,1.1520299999999999
2010/9/7 0:00,0.970975
2010/9/14 0:00,0.894683
2010/9/21 0:00,0.843568
2010/9/28 0:00,0.815409
2010/10/5 0:00,0.823052
2010/10/12 0:00,0.674635
2010/10/19 0:00,0.631883
2010/10/26 0:00,0.641513
2010/11/2 0:00,0.529813
2010/11/9 0:00,0.644089
2010/11/16 0:00,0.667718
2010/11/23 0:00,0.7056680000000001
2010/11/30 0:00,0.8041550000000001
2010/12/7 0:00,0.907804
2010/12/14 0:00,1.00555
2010/12/21 0:00,1.03601
2010/12/28 0:00,1.0758299999999998
2011/1/4 0:00,1.1609200000000002
2011/1/11 0:00,1.19785
2011/1/18 0:00,1.27926
2011/1/25 0:00,1.2919399999999999
2011/2/1 0:00,1.42824
2011/2/8 0:00,1.3980299999999999
2011/2/15 0:00,1.45831
2011/2/22 0:00,1.56548
2011/3/1 0:00,1.34313
2011/3/8 0:00,1.48139
2011/3/15 0:00,1.63398
2011/3/22 0:00,1.8312599999999999
2011/3/29 0:00,2.10451
2011/4/5 0:00,1.73625
2011/4/12 0:00,1.55066
2011/4/19 0:00,1.62891
2011/4/26 0:00,1.7603799999999998
2011/5/3 0:00,1.9272799999999999
2011/5/10 0:00,1.9199400000000002
2011/5/17 0:00,2.09951
2011/5/24 0:00,2.2397299999999998
2011/5/31 0:00,2.21921
2011/6/7 0:00,2.16693
2011/6/14 0:00,2.3891299999999998
2011/6/21 0:00,1.9646599999999999
2011/6/28 0:00,1.8422900000000002
2011/7/5 0:00,1.6867400000000001
2011/7/12 0:00,1.53136
2011/7/19 0:00,1.3791200000000001
2011/7/26 0:00,1.29515
2011/8/2 0:00,1.39521
2011/8/9 0:00,1.32522
2011/8/16 0:00,1.23059
2011/8/23 0:00,1.2302799999999998
2011/8/30 0:00,1.2687700000000002
2011/9/6 0:00,1.10782
2011/9/13 0:00,1.09559
2011/9/20 0:00,1.1103100000000001
2011/9/27 0:00,1.10616
2011/10/4 0:00,1.10816
2011/10/11 0:00,0.999444
2011/10/18 0:00,0.924199
2011/10/25 0:00,0.949257
2011/11/1 0:00,0.9789030000000001
2011/11/8 0:00,0.925024
2011/11/15 0:00,0.848456
2011/11/22 0:00,1.04451
2011/11/29 0:00,1.0986
2011/12/6 0:00,1.22071
2011/12/13 0:00,1.24976
2011/12/20 0:00,1.22892
2011/12/27 0:00,1.29393
2012/1/3 0:00,1.23034
2012/1/10 0:00,1.3278
2012/1/17 0:00,1.33995
2012/1/24 0:00,1.37842
2012/1/31 0:00,1.50085
2012/2/7 0:00,1.65163
2012/2/14 0:00,1.7674599999999998
2012/2/21 0:00,2.30609
2012/2/28 0:00,2.16324
2012/3/6 0:00,2.83038
2012/3/13 0:00,3.43761
2012/3/20 0:00,4.305540000000001
2012/3/27 0:00,6.06082
2012/4/3 0:00,4.64931
2012/4/10 0:00,4.32584
2012/4/17 0:00,4.5111300000000005
2012/4/24 0:00,4.2171
2012/5/1 0:00,3.78956
2012/5/8 0:00,3.2920599999999998
2012/5/15 0:00,3.0197
2012/5/22 0:00,2.7149900000000002
2012/5/29 0:00,2.4845
2012/6/5 0:00,2.57808
2012/6/12 0:00,2.39237
2012/6/19 0:00,2.06778
2012/6/26 0:00,1.90281
2012/7/3 0:00,1.6590200000000002
2012/7/10 0:00,1.43006
2012/7/17 0:00,1.27757
2012/7/24 0:00,1.1900899999999999
2012/7/31 0:00,1.09556
2012/8/7 0:00,1.08589
2012/8/14 0:00,1.0734299999999999
2012/8/21 0:00,1.0167700000000002
2012/8/28 0:00,1.04847
2012/9/4 0:00,0.920349
2012/9/11 0:00,0.9207790000000001
2012/9/18 0:00,0.9043329999999999
2012/9/25 0:00,0.83057
2012/10/2 0:00,0.8628370000000001
2012/10/9 0:00,0.732182
2012/10/16 0:00,0.724558
2012/10/23 0:00,0.740848
2012/10/30 0:00,0.726037
2012/11/6 0:00,0.7556390000000001
2012/11/13 0:00,0.761847
2012/11/20 0:00,0.779896
2012/11/27 0:00,0.8991379999999999
2012/12/4 0:00,0.999524
2012/12/11 0:00,1.0558
2012/12/18 0:00,1.0967
2012/12/25 0:00,1.24709
2013/1/1 0:00,1.15746
2013/1/8 0:00,1.2718399999999999
2013/1/15 0:00,1.31623
2013/1/22 0:00,1.3744399999999999
2013/1/29 0:00,1.46781
2013/2/5 0:00,1.5834
2013/2/12 0:00,1.60253
2013/2/19 0:00,1.72344
2013/2/26 0:00,2.11076
2013/3/5 0:00,2.1708
2013/3/12 0:00,2.36971
2013/3/19 0:00,3.15997
2013/3/26 0:00,4.59053
2013/4/2 0:00,4.28195
2013/4/9 0:00,3.5628800000000003
2013/4/16 0:00,3.36378
2013/4/23 0:00,3.39659
2013/4/30 0:00,3.11922
2013/5/7 0:00,2.8357200000000002
2013/5/14 0:00,2.48484
2013/5/21 0:00,2.2741
2013/5/28 0:00,2.0724400000000003
2013/6/4 0:00,1.98207
2013/6/11 0:00,1.8244099999999999
2013/6/18 0:00,1.8203599999999998
2013/6/25 0:00,1.7539099999999999
2013/7/2 0:00,1.74542
2013/7/9 0:00,1.6723599999999998
2013/7/16 0:00,1.5165899999999999
2013/7/23 0:00,1.4477799999999998
2013/7/30 0:00,1.2902799999999999
2013/8/6 0:00,1.37388
2013/8/13 0:00,1.34208
2013/8/20 0:00,1.3456299999999999
2013/8/27 0:00,1.21291
2013/9/3 0:00,1.1929100000000001
2013/9/10 0:00,1.1414600000000001
2013/9/17 0:00,1.06503
2013/9/24 0:00,1.12669
2013/10/1 0:00,0.9473530000000001
2013/10/8 0:00,0.9441870000000001
2013/10/15 0:00,0.9348219999999999
2013/10/22 0:00,0.8173600000000001
2013/10/29 0:00,0.852792
2013/11/5 0:00,0.7469939999999999
2013/11/12 0:00,0.7610979999999999
2013/11/19 0:00,0.7676270000000001
2013/11/26 0:00,0.862176
2013/12/3 0:00,0.984907
2013/12/10 0:00,1.16287
2013/12/17 0:00,1.2273100000000001
2013/12/24 0:00,1.2071
2013/12/31 0:00,1.16191
2014/1/7 0:00,1.30905
2014/1/14 0:00,1.3707200000000002
2014/1/21 0:00,1.43373
2014/1/28 0:00,1.42791
2014/2/4 0:00,1.61605
2014/2/11 0:00,1.65976
2014/2/18 0:00,2.05459
2014/2/25 0:00,2.5354099999999997
2014/3/4 0:00,2.5425299999999997
2014/3/11 0:00,3.60563
2014/3/18 0:00,4.9097599999999995
2014/3/25 0:00,5.98221
2014/4/1 0:00,5.47421
2014/4/8 0:00,4.2137400000000005
2014/4/15 0:00,4.21022
2014/4/22 0:00,4.25968
2014/4/29 0:00,3.97761
2014/5/6 0:00,3.6344300000000005
2014/5/13 0:00,3.26527
2014/5/20 0:00,2.93083
2014/5/27 0:00,2.54474
2014/6/3 0:00,2.47227
2014/6/10 0:00,2.35665
2014/6/17 0:00,2.17008
2014/6/24 0:00,2.04297
2014/7/1 0:00,1.954
2014/7/8 0:00,1.7228700000000001
2014/7/15 0:00,1.53694
2014/7/22 0:00,1.38283
2014/7/29 0:00,1.46265
2014/8/5 0:00,1.38934
2014/8/12 0:00,1.3468
2014/8/19 0:00,1.25452
2014/8/26 0:00,1.21636
2014/9/2 0:00,1.16734
2014/9/9 0:00,1.04654
2014/9/16 0:00,0.9436610000000001
2014/9/23 0:00,0.9350459999999999
2014/9/30 0:00,0.9347260000000001
2014/10/7 0:00,0.864118
2014/10/14 0:00,0.806535
2014/10/21 0:00,0.742747
2014/10/28 0:00,0.737859
2014/11/4 0:00,0.743224
2014/11/11 0:00,0.805251
2014/11/18 0:00,0.816943
2014/11/25 0:00,0.8145180000000001
2014/12/2 0:00,0.86067
2014/12/9 0:00,0.886704
2014/12/16 0:00,1.00845
2014/12/23 0:00,1.06625
2014/12/30 0:00,1.05995
2015/1/6 0:00,1.22559
2015/1/13 0:00,1.31066
2015/1/20 0:00,1.3711
2015/1/27 0:00,1.39171
2015/2/3 0:00,1.4371200000000002
2015/2/10 0:00,1.50165
2015/2/17 0:00,1.59805
2015/2/24 0:00,1.89668
2015/3/3 0:00,1.6772799999999999
2015/3/10 0:00,1.7829599999999999
2015/3/17 0:00,1.87336
2015/3/24 0:00,2.3214799999999998
2015/3/31 0:00,2.40991
2015/4/7 0:00,1.94328
2015/4/14 0:00,1.99796
2015/4/21 0:00,2.11829
2015/4/28 0:00,2.2511200000000002
2015/5/5 0:00,2.3711599999999997
2015/5/12 0:00,2.80035
2015/5/19 0:00,3.16475
2015/5/26 0:00,3.15183
2015/6/2 0:00,3.3321
2015/6/9 0:00,3.5602400000000003
2015/6/16 0:00,3.05479
2015/6/23 0:00,2.7673200000000002
2015/6/30 0:00,2.44161
2015/7/7 0:00,2.03348
2015/7/14 0:00,1.98593
2015/7/21 0:00,1.91514
2015/7/28 0:00,1.6996799999999999
2015/8/4 0:00,1.57635
2015/8/11 0:00,1.3935
2015/8/18 0:00,1.29941
2015/8/25 0:00,1.18379
2015/9/1 0:00,1.13723
2015/9/8 0:00,1.04118
2015/9/15 0:00,0.971814
2015/9/22 0:00,0.8633059999999999
2015/9/29 0:00,0.8337969999999999
2015/10/6 0:00,0.784516
2015/10/13 0:00,0.7343270000000001
2015/10/20 0:00,0.6988449999999999
2015/10/27 0:00,0.7230989999999999
2015/11/3 0:00,0.663501
2015/11/10 0:00,0.69276
2015/11/17 0:00,0.710029
2015/11/24 0:00,0.834232
2015/12/1 0:00,0.9926209999999999
2015/12/8 0:00,1.01605
2015/12/15 0:00,1.07169
2015/12/22 0:00,1.1016299999999999
2015/12/29 0:00,1.18841
2016/1/5 0:00,1.2019
2016/1/12 0:00,1.23108
2016/1/19 0:00,1.26796
2016/1/26 0:00,1.3629799999999999
2016/2/2 0:00,1.48535
2016/2/9 0:00,1.55954
2016/2/16 0:00,1.64783
2016/2/23 0:00,1.91275
2016/3/1 0:00,1.81725
2016/3/8 0:00,1.9143299999999999
2016/3/15 0:00,2.2100299999999997
2016/3/22 0:00,2.73568
2016/3/29 0:00,3.3683199999999998
2016/4/5 0:00,3.09689
2016/4/12 0:00,3.07346
2016/4/19 0:00,3.51643
2016/4/26 0:00,3.8027
2016/5/3 0:00,4.5031300000000005
2016/5/10 0:00,5.06308
2016/5/17 0:00,4.8600900000000005
2016/5/24 0:00,4.57916
2016/5/31 0:00,3.55674
2016/6/7 0:00,3.50417
2016/6/14 0:00,3.2151099999999997
2016/6/21 0:00,3.10088
2016/6/28 0:00,2.7905599999999997
2016/7/5 0:00,2.38547
2016/7/12 0:00,1.9703
2016/7/19 0:00,1.73442
2016/7/26 0:00,1.56303
2016/8/2 0:00,1.4128
2016/8/9 0:00,1.27492
2016/8/16 0:00,1.2834
2016/8/23 0:00,1.1666299999999998
2016/8/30 0:00,1.1097700000000001
2016/9/6 0:00,1.0433299999999999
2016/9/13 0:00,0.905151
2016/9/20 0:00,0.902718
2016/9/27 0:00,0.8595309999999999
2016/10/4 0:00,0.818998
2016/10/11 0:00,0.752505
2016/10/18 0:00,0.731146
2016/10/25 0:00,0.733295
2016/11/1 0:00,0.73102
2016/11/8 0:00,0.68834
2016/11/15 0:00,0.732049
2016/11/22 0:00,0.9111879999999999
2016/11/29 0:00,1.02105
2016/12/6 0:00,1.09495
2016/12/13 0:00,1.09475
2016/12/20 0:00,1.09775
2016/12/27 0:00,1.18882
2017/1/3 0:00,1.26589
2017/1/10 0:00,1.30479
2017/1/17 0:00,1.34075
2017/1/24 0:00,1.51674
2017/1/31 0:00,1.74583
2017/2/7 0:00,1.8870799999999999
2017/2/14 0:00,2.05923
2017/2/21 0:00,2.2797099999999997
2017/2/28 0:00,2.28379
2017/3/7 0:00,2.58278
2017/3/14 0:00,3.3655800000000005
2017/3/21 0:00,4.73117
2017/3/28 0:00,5.70943
2017/4/4 0:00,5.746580000000001
2017/4/11 0:00,5.8920699999999995
2017/4/18 0:00,6.51759
2017/4/25 0:00,7.16338
2017/5/2 0:00,7.52133
2017/5/9 0:00,7.38748
2017/5/16 0:00,6.44688
2017/5/23 0:00,4.95881
2017/5/30 0:00,3.68612
2017/6/6 0:00,3.18626
2017/6/13 0:00,2.76894
2017/6/20 0:00,2.48706
2017/6/27 0:00,2.40802
2017/7/4 0:00,2.07483
2017/7/11 0:00,1.77898
2017/7/18 0:00,1.61487
2017/7/25 0:00,1.5385
2017/8/1 0:00,1.5261200000000001
2017/8/8 0:00,1.28847
2017/8/15 0:00,1.18344
2017/8/22 0:00,1.24919
2017/8/29 0:00,1.14131
2017/9/5 0:00,0.9878
2017/9/12 0:00,0.8955649999999999
2017/9/19 0:00,0.8922040000000001
2017/9/26 0:00,0.877184
2017/10/3 0:00,0.780203
2017/10/10 0:00,0.725075
2017/10/17 0:00,0.68247
2017/10/24 0:00,0.640393
2017/10/31 0:00,0.639127
2017/11/7 0:00,0.705637
2017/11/14 0:00,0.707801
2017/11/21 0:00,0.822659
2017/11/28 0:00,0.859864
2017/12/5 0:00,1.10083
2017/12/12 0:00,1.15323
2017/12/19 0:00,1.2017799999999998
2017/12/26 0:00,1.2498
2018/1/2 0:00,1.41876
2018/1/9 0:00,1.40077
2018/1/16 0:00,1.47139
2018/1/23 0:00,1.63634
2018/1/30 0:00,1.79125
2018/2/6 0:00,1.8687099999999999
2018/2/13 0:00,1.98121
2018/2/20 0:00,2.23487
2018/2/27 0:00,2.1457200000000003
2018/3/6 0:00,2.2513400000000003
2018/3/13 0:00,2.6411
2018/3/20 0:00,3.13478
2018/3/27 0:00,3.96538
2018/4/3 0:00,3.45972
2018/4/10 0:00,3.07558
2018/4/17 0:00,3.3258
2018/4/24 0:00,3.7977300000000005
2018/5/1 0:00,4.34227
2018/5/8 0:00,4.86953
2018/5/15 0:00,5.0368900000000005
2018/5/22 0:00,4.8812
2018/5/29 0:00,4.54791
2018/6/5 0:00,4.3762
2018/6/12 0:00,4.22692
2018/6/19 0:00,3.6825099999999997
2018/6/26 0:00,3.0855900000000003
2018/7/3 0:00,2.6983099999999998
2018/7/10 0:00,2.2867599999999997
2018/7/17 0:00,2.0121700000000002
2018/7/24 0:00,1.71323
2018/7/31 0:00,1.5667799999999998
2018/8/7 0:00,1.49827
2018/8/14 0:00,1.49961
2018/8/21 0:00,1.42123
2018/8/28 0:00,1.39258
2018/9/4 0:00,1.21697
2018/9/11 0:00,1.11266
2018/9/18 0:00,0.9918879999999999
2018/9/25 0:00,0.946401
2018/10/2 0:00,0.8746950000000001
2018/10/9 0:00,0.8091689999999999
2018/10/16 0:00,0.75452
2018/10/23 0:00,0.7329829999999999
2018/10/30 0:00,0.725811
2018/11/6 0:00,0.754209
2018/11/13 0:00,0.729672
2018/11/20 0:00,0.839875
2018/11/27 0:00,0.989358
2018/12/4 0:00,1.1354
2018/12/11 0:00,1.23124
2018/12/18 0:00,1.24448
2018/12/25 0:00,1.3379
2019/1/1 0:00,1.4900200000000001
2019/1/8 0:00,1.59192
2019/1/15 0:00,1.7257200000000001
2019/1/22 0:00,1.8341900000000002
2019/1/29 0:00,2.04008
2019/2/5 0:00,2.39351
2019/2/12 0:00,2.63251
2019/2/19 0:00,2.89941
2019/2/26 0:00,3.4150099999999997
2019/3/5 0:00,3.2579
2019/3/12 0:00,3.94308
2019/3/19 0:00,5.06435
2019/3/26 0:00,7.061610000000001
2019/4/2 0:00,5.90066
2019/4/9 0:00,4.9402
2019/4/16 0:00,5.33135
2019/4/23 0:00,6.07822
2019/4/30 0:00,6.74724
2019/5/7 0:00,6.80157
2019/5/14 0:00,6.11292
2019/5/21 0:00,5.52513
2019/5/28 0:00,5.12333
2019/6/4 0:00,5.26652
2019/6/11 0:00,5.66932
2019/6/18 0:00,6.3802900000000005
2019/6/25 0:00,4.916919999999999
2019/7/2 0:00,3.78625
2019/7/9 0:00,2.8012200000000003
2019/7/16 0:00,2.12907
2019/7/23 0:00,1.73315
2019/7/30 0:00,1.40939
2019/8/6 0:00,1.1865700000000001
2019/8/13 0:00,1.1144399999999999
2019/8/20 0:00,1.00711
2019/8/27 0:00,0.8898780000000001
2019/9/3 0:00,0.815858
2019/9/10 0:00,0.837779
2019/9/17 0:00,0.9291889999999999
2019/9/24 0:00,1.13871
2019/10/1 0:00,1.27591
2019/10/8 0:00,1.34978
2019/10/15 0:00,1.34436
2019/10/22 0:00,1.22126
2019/10/29 0:00,1.15381
2019/11/5 0:00,1.0649
2019/11/12 0:00,0.979173
2019/11/19 0:00,0.967664
2019/11/26 0:00,1.00158
2019/12/3 0:00,0.9173389999999999
2019/12/10 0:00,1.02954
2019/12/17 0:00,0.9757969999999999
2019/12/24 0:00,1.0586
2019/12/31 0:00,1.08369
2020/1/7 0:00,1.2079799999999998
2020/1/14 0:00,1.10574
2020/1/21 0:00,1.1882700000000002
2020/1/28 0:00,1.25309
2020/2/4 0:00,1.44223
2020/2/11 0:00,1.48489
2020/2/18 0:00,1.55053
2020/2/25 0:00,1.60937
2020/3/3 0:00,1.56746
2020/3/10 0:00,1.52214
2020/3/17 0:00,1.50787
2020/3/24 0:00,1.55631
2020/3/31 0:00,1.5924
2020/4/7 0:00,1.4767
2020/4/14 0:00,1.29451
2020/4/21 0:00,1.2526
2020/4/28 0:00,1.10043
2020/5/5 0:00,1.17828
2020/5/12 0:00,1.02473
2020/5/19 0:00,0.990461
2020/5/26 0:00,0.862614
2020/6/2 0:00,0.839059
2020/6/9 0:00,0.895958
2020/6/16 0:00,0.910926
2020/6/23 0:00,0.946945
2020/6/30 0:00,0.963716
